UNITID,AGENCY,FIRENAME,STARTDATE,ACRES,CAUSE
WANES,WA DNR - NE REGION,RED LAKE,1997-01-01,1150.8925627,UNKNOWN
WANES,WA DNR - NE REGION,BUCKEYE,1987-01-01,227.33273899,UNKNOWN
WANES,WA DNR - NE REGION,STONY PEAK,1985-01-01,289.5896455,UNKNOWN
WANES,WA DNR - NE REGION,LIBERTY LAKE,1985-01-01,855.37991371,UNKNOWN
WANES,WA DNR - NE REGION,RAIL CANYON,1994-08-01,102.0968386,UNKNOWN
WANES,WA DNR - NE REGION,CORK SCREW,1994-08-01,185.87267875,UNKNOWN
WANES,WA DNR - NE REGION,OWENS RD,1994-08-01,127.00405485,UNKNOWN
WANES,WA DNR - NE REGION,NEWKIRK - OLD TRAIL RD,1997-01-01,772.41805753,UNKNOWN
WANES,WA DNR - NE REGION,RIVERSIDE,1994-08-01,455.86572383,UNKNOWN
WANES,WA DNR - NE REGION,UNKNOWN,1991-08-01,407.72478287,UNKNOWN
WANES,WA DNR - NE REGION,UNKNOWN,1991-08-01,235.15460223,UNKNOWN
WANES,WA DNR - NE REGION,UNKNOWN,1973-01-01,499.72147776,UNKNOWN
WANES,WA DNR - NE REGION,UNKNOWN,1991-08-01,100.46829673,UNKNOWN
WANES,WA DNR - NE REGION,UNKNOWN,1991-08-01,26.39785582,UNKNOWN
WASES,WA DNR - SE REGION,CLEVELAND FIRE,1998-07-27,18500.419857900004,LIGHTNING
WASES,WA DNR - SE REGION,MAJOR CREEK FIRE,1999-07-01,730.60635447,UNKNOWN
WASES,WA DNR - SE REGION,EASTON FIRE,1999-09-11,75.93894012,UNKNOWN
WASES,WA DNR - SE REGION,MIDDLE FORK FIRE,2000-08-29,2.24146902,UNKNOWN
WASES,WA DNR - SE REGION,WHITES BASIN FIRE,2000-07-17,122.67797005,UNKNOWN
WAOWF,OKAN-WEN NF,BAILEY FIRE,2001-08-13,3211.96752531,UNKNOWN
WASES,WA DNR - SE REGION,DRY CREEK FIRE,2001-08-01,17.14686611,UNKNOWN
WANES,WA DNR - NE REGION,GAMBLES MILL FIRE (BREWSTER,2001-08-12,5516.094728,UNKNOWN
WASES,WA DNR - SE REGION,HIGHLAND FLATS FIRE,2001-08-01,128.72576743,UNKNOWN
WANES,WA DNR - NE REGION,INDIAN DAN FIRE (BREWSTER COMPLEX),2001-08-12,584.61616996,UNKNOWN
WAOWF,OKAN-WEN NF,LIBBY SOUTH FIRE,2001-07-09,3789.27302155,UNKNOWN
WAOWF,OKAN-WEN NF,REX CREEK FIRE,2001-08-12,44581.48303191,UNKNOWN
WAGPF,GIFFORD PINCHOT NF,SALT CREEK FIRE (SALT CREEK COMPLEX),2001-09-15,312.56508176,UNKNOWN
WANES,WA DNR - NE REGION,PINGSTON,2007-07-28,126.1982665,UNKNOWN
WACOA,COLVILLE AGENCY,ABRAHAM CANYON,2008-07-10,372.33179875,UNKNOWN
WASES,WA DNR - SE REGION,SPRUCE DOME COMPLEX,2001-08-16,2722.11064738,UNKNOWN
WACOA,COLVILLE AGENCY,ST. MARY'S FIRE (VIRGINIA LAKE COMPLEX),2001-08-12,32978.7297895,UNKNOWN
WAOWF,OKAN-WEN NF,TOMMY CREEK FIRE,2001-09-16,647.1737262,UNKNOWN
WASES,WA DNR - SE REGION,TOUCHET ROAD,2001-08-01,258.25443063,UNKNOWN
WASES,WA DNR - SE REGION,UNION VALLEY FIRE,2001-07-27,4523.3080209,UNKNOWN
WASPD,SPOKANE BLM,DEER MOUNTAIN FIRE,2002-08-16,2280.88454823,UNKNOWN
WAOWF,OKAN-WEN NF,DEER POINT FIRE,2002-07-15,20993.93033698,UNKNOWN
WASES ,WA DNR - SE REGION,EWE NECK FIRE,2002-08-01,75.9503038,UNKNOWN
WANES,WA DNR - NE REGION,BLACK CANYON FIRE,2003-08-10,2281.36471544,UNKNOWN
WANES,WA DNR - NE REGION,BULLDOG FIRE,2003-09-05,411.58409583,UNKNOWN
WAOWF,OKAN-WEN NF,FAREWELL FIRE (FAWN PEAK COMPLEX),2003-06-30,81233.40724807,UNKNOWN
WAOWF,OKAN-WEN NF,FAWN PEAK FIRE (FAWN PEAK COMPLEX),2003-06-30,74.02080802,UNKNOWN
WAMSF,MT. BAKER-SNOQ NF,GOLD HILL FIRE (NORTH ZONE COMPLEX),2003-08-07,169.78598676,UNKNOWN
WAOWF,OKAN-WEN NF,MAPLE,2003-09-06,1626.25142006,UNKNOWN
WACOA,COLVILLE AGENCY,MCGINNIS FLAT,2003-07-18,2255.85284801,UNKNOWN
WAOWF,OKAN-WEN NF,NEEDLES FIRE,2003-09-03,19328.21003774,UNKNOWN
WAMRP,MOUNT RAINIER NP,PANTHER FIRE (MOUNT RAINIER COMPLEX),2003-08-21,43.95596095,UNKNOWN
WACOA,COLVILLE AGENCY,RATTLESNAKE CANYON FIRE,2003-07-05,10486.7618965,UNKNOWN
WAMRP,MOUNT RAINIER NP,REDSTONE FIRE (MOUNT RAINIER COMPLEX),2003-08-21,46.97740324,UNKNOWN
WAOWF,OKAN-WEN NF,SQUARE LAKE FIRE,2003-08-26,903.30043368,UNKNOWN
WASPD,SPOKANE BLM,BEEBE,2004-07-04,4205.59362447,UNKNOWN
WANES,WA DNR - NE REGION,BOTTLE TWO,2004-06-21,33.38955045,LIGHTNING
WAOWF,OKAN-WEN NF,DEEP HARBOR FIRE (POT PEAK / SISI RIDGE COMPLEX),2004-06-19,29995.51187816,UNKNOWN
WAOWF,OKAN-WEN NF,DIRTY FACE PEAK,2004-08-16,295.32827038,UNKNOWN
WACOA,COLVILLE AGENCY,ELMER CITY,2004-07-29,1928.78592682,HUMAN
WAOWF,OKAN-WEN NF,FISCHER,2004-08-08,16425.33218253,EQUIPMENT USE
WAOWF,OKAN-WEN NF,FREEZEOUT FIRE (WILLIAMS BUTTE COMPLEX),2004-06-24,708.04545155,LIGHTNING
WANES,WA DNR - NE REGION,BLUEHOO FIRE (HIGHLANDS COMPLEX),2004-08-19,10.26878534,UNKNOWN
WACOA,COLVILLE AGENCY,HOPKINS CANYON FIRE (HOPKINS CANYON COMPLEX),2004-06-26,5071.7412695,UNKNOWN
WAOWF,OKAN-WEN NF,ICICLE,2004-07-15,696.92253057,UNKNOWN
WASES,WA DNR - SE REGION,LAUDERDALE,2004-07-25,247.8296494,ARSON
WAOWF,OKAN-WEN NF,MEBEE FIRE (WILLIAMS BUTTE COMPLEX),2004-08-10,234.37441537,LIGHTNING
WANES,WA DNR - NE REGION,MILL CANYON FIRE (MILL CANYON COMPLEX),2004-08-01,1090.03615537,RECREATION
WASES,WA DNR - SE REGION,MUD LAKE,2004-08-10,3864.29302832,UNKNOWN
WAOWF,OKAN-WEN NF,PEEVE FIRE (WILLIAMS BUTTE COMPLEX),2004-07-30,51.23623571,UNKNOWN
WAOWF,OKAN-WEN NF,POT PEAK FIRE (POT PEAK / SISI RIDGE COMPLEX),2004-06-26,15395.140224899998,LIGHTNING
WAOWF,OKAN-WEN NF,,2004-06-26,1.77180461,UNKNOWN
WAOWF,OKAN-WEN NF,RATTLESNAKE PEAK,2004-07-18,662.25788606,UNKNOWN
WAOWF,OKAN-WEN NF,REECER,2004-04-27,107.75963673,CAMPFIRE
WAOWF,OKAN-WEN NF,SISI RIDGE FIRE (POT PEAK / SISI RIDGE COMPLEX),2004-06-19,343.19843432,LIGHTNING
WAOWF,OKAN-WEN NF,WILLIAMS BUTTE FIRE (WILLIAMS BUTTE COMPLEX),2004-08-16,1257.84650291,LIGHTNING
WANES,WA DNR - NE REGION,BURNT BREAD,2005-08-06,1351.45740167,UNKNOWN
WASES,WA DNR - SE REGION,DIRTY FACE FIRE,2005-07-30,1150.52522308,UNKNOWN
WANES,WA DNR - NE REGION,HARKER CANYON,2005-08-10,1557.29132443,UNKNOWN
WASPA,SPOKANE AGENCY,HOT FALLS,2005-07-15,174.4137027,ARSON
WASES,WA DNR - SE REGION,LICK CREEK,2005-08-04,734.67808219,EQUIPMENT USE
WANES,WA DNR - NE REGION,MARTIN ROAD FIRE,2005-09-28,877.5770755000001,DEBRIS BURN
WANES,WA DNR - NE REGION,PEARRYGIN LAKE,2005-07-03,531.28786895,UNKNOWN
ORUMF,UMATILLA NF,SCHOOL FIRE,2005-08-05,49684.75034004,UNKNOWN
WACOA,COLVILLE AGENCY,SECOND HUD,2005-07-06,4176.06234755,UNKNOWN
WANCP,NORTH CASCADES NP,SHADY,2005-07-19,153.16695794,UNKNOWN
WAWFS,WA FIRE SERVICE,BADGER MOUNTAIN FIRE (BADGER MTN COMPLEX),2008-07-10,13265.63743152,UNKNOWN
WASPD,SPOKANE BLM,SPUD FIRE,2005-06-28,123.42634311,UNKNOWN
WANES,WA DNR - NE REGION,SQUAW CREEK,2005-09-08,1097.04661729,ELECTRIC FENCE
WAMCR,MID COLUMBIA NWR,WEATHER STATION,2005-07-05,4914.72714895,UNKNOWN
WACOA,COLVILLE AGENCY,WEST LAKE OMAK,2005-07-12,11264.63688587,EQUIPMENT USE
WASES,WA DNR - SE REGION,WOOD GULCH,2005-07-23,5751.16107854,UNKNOWN
WAOLP,OLYMPIC NP,BEAR GULCH II,2006-07-25,797.59432903,UNKNOWN
WANES,WA DNR - NE REGION,BISBEE MTN. FIRE,2006-09-09,485.10347565,UNKNOWN
WAOWF,OKAN-WEN NF,CEDAR CREEK (TRIPOD COMPLEX),2006-08-22,1631.10970282,LIGHTNING
WA,UNKNOWN,NINEMILE,1991-08-01,15044.23400608,UNKNOWN
WA,UNKNOWN,CHATTAROY,1991-08-01,4728.47892308,UNKNOWN
WA,UNKNOWN,UNKNOWN,1985-01-01,184.77554397,UNKNOWN
WA,UNKNOWN,PONDEROSA,1991-08-01,1474.66884633,UNKNOWN
WA,UNKNOWN,JENNINGS ROAD,1991-08-01,283.505668,UNKNOWN
WA,UNKNOWN,NINEMILE RD,1996-01-01,3019.12954666,UNKNOWN
WA,UNKNOWN,RAMBO RD,1991-08-01,268.75578117,UNKNOWN
WA,UNKNOWN,GREENBLUFF,1991-08-01,98.2191027,UNKNOWN
WA,UNKNOWN,LEESON PIT,1991-08-01,146.57213128,UNKNOWN
WA,UNKNOWN,TEMPLE,1991-08-01,190.32213411,UNKNOWN
WA,UNKNOWN,HOLCOMB,1991-08-01,744.13699858,UNKNOWN
WA,UNKNOWN,TRENT,1991-08-01,797.31130449,UNKNOWN
WA,UNKNOWN,HANGMAN,1991-08-01,131.05694066,UNKNOWN
WANCP,NORTH CASCADES NP,YAXON,2010-07-29,6.68998526,LIGHTNING
WA,UNKNOWN,HOMESTEAD,1991-08-01,283.16590539,UNKNOWN
WASES,WA DNR - SE REGION,COLUMBIA COMPLEX,2006-08-21,109401.7753911,UNKNOWN
WASPS,WA DNR - SPS REGION,DEWATTO 2,2006-09-02,61.2668931,ARSON
WAOWF,OKAN-WEN NF,FLICK CREEK,2006-07-07,7888.75476548,CAMPFIRE
WAMSF,MT. BAKER-SNOQ NF,GREENWATER 7440,2006-09-02,193.16638966,UNKNOWN
WAYAA,BIA - YAKIMA,JUNGLE BUTTE (JUNGLE BUTTE COMPLEX),2006-09-04,92.94075285,UNKNOWN
WAYAA,BIA - YAKIMA,KLOSE BUTTE (JUNGLE BUTTE COMPLEX),2007-09-04,36.79927484,UNKNOWN
WAYAA,BIA - YAKIMA,PEAVINE RIDGE (JUNGLE BUTTE COMPLEX),2006-09-04,321.59226433,UNKNOWN
WAOWF,OKAN-WEN NF,POLALLIE,2006-09-04,961.6584333999999,LIGHTNING
WANES,WA DNR - NE REGION,QUINN'S MEADOW,2006-08-29,323.23782876,DEBRIS BURN
WAOWF,OKAN-WEN NF,TATOOSH (TATOOSH COMPLEX),2006-08-22,54331.78201564,UNKNOWN
WAOWF,OKAN-WEN NF,TINPAN,2006-07-07,9253.1123814,LIGHTNING
WANES,WA DNR - NE REGION,VALLEY MILL,2006-08-08,460.53613966,DEBRIS BURN
WAOWF,OKAN-WEN NF,VAN PEAK,2006-09-04,1815.93883514,LIGHTNING
WAWFS,WA FIRE SERVICE,LEWIS AND CLARK,2007-06-13,752.88580539,EQUIPMENT USE
WAWFS,WA FIRE SERVICE,HORSE HEAVEN COMPLEX - SIXPRONG,2007-07-13,20395.00144907,LIGHTNING
WAWFS,WA FIRE SERVICE,HORSE HEAVEN COMPLEX - WOODGULCH,2007-07-13,7665.65524937,UNKNOWN
WACOF,COLVILLE NF,CROWN CREEK,2007-07-13,34.56344748,LIGHTNING
WANES,WA DNR - NE REGION,MOSES - DNR COMPLEX,1991-08-01,4440.2636862,UNKNOWN
WA,UNKNOWN,MARSHALL,1991-08-01,988.30662769,UNKNOWN
WA,UNKNOWN,HAPPY HILL,1991-08-01,624.0279782,UNKNOWN
WAMSF,MT. BAKER-SNOQ NF,GOLD HILL,2009-07-30,18.88934802,UNKNOWN
WACOA,COLVILLE AGENCY,MILEPOST 281,2009-09-01,310.06666942,UNKNOWN
WA,UNKNOWN,EXCELSIOR ROAD,1987-01-01,1255.68839052,UNKNOWN
WA,UNKNOWN,SALNAVE,1991-08-01,463.60812165,UNKNOWN
WA,UNKNOWN,SPRINGDALE,1991-08-01,628.65719782,UNKNOWN
WAWFS,WA FIRE SERVICE,BROWNS CANYON FIRE (BADGER MTN COMPLEX),2008-07-09,1782.34822885,UNKNOWN
WAWFS,WA FIRE SERVICE,BAIRD SPRINGS,2008-06-15,3645.75496607,UNKNOWN
WACOA,COLVILLE AGENCY,COLUMBIA RIVER ROAD,2008-08-07,22155.09265476,ARSON
WACOA,COLVILLE AGENCY,FRENCH VALLEY,2008-07-10,1366.42475276,UNKNOWN
WANES,WA DNR - NE REGION,GREEN LAKE,2008-07-31,1350.32718303,STRUCTURE FIRE
WAMCR,MID COLUMBIA NWR,INCIDENT 262,2008-07-27,3142.16921166,UNKNOWN
WAOWF,OKAN-WEN NF,JACK CREEK,2008-08-10,1057.71002699,LIGHTNING
WANES,WA DNR - NE REGION,JACKASS BUTTE (RATTLESNAKE POINT COMPLEX),2008-07-01,1765.70079189,LIGHTNING
WANES,WA DNR - NE REGION,RATTLESNAKE POINT COMPLEX,2008-07-01,752.53378316,UNKNOWN
WAWFS,WA FIRE SERVICE,ROCK LAKE,2008-08-18,2287.50288034,UNKNOWN
WAWFS,WA FIRE SERVICE,SEEP LAKES,2008-06-29,1901.06872278,UNKNOWN
WANES,WA DNR - NE REGION,SPOKANE VALLEY,2008-07-10,1005.79276005,UNKNOWN
WANES,WA DNR - NE REGION,SWANSON LAKE,2008-08-18,18038.73104031,UNKNOWN
WACOA,COLVILLE AGENCY,WILMONT,2008-07-13,148.81138230000002,LIGHTNING
WAYAA,BIA - YAKIMA,RANSIER ROAD,2009-06-29,354.17699465,UNKNOWN
WASES,WA DNR - SE REGION,FORREST,2009-07-11,255.38194915,UNKNOWN
WAHNC,HANFORD,ENW,2009-07-17,3.22583479,UNKNOWN
WACOA,COLVILLE AGENCY,FISH HATCHERY,2009-07-23,237.13494544,LIGHTNING
WACOA,COLVILLE AGENCY,OWHI TREE,2009-07-23,10.45928908,LIGHTNING
WACOA,COLVILLE AGENCY,JOHNSON LAKE,2009-07-23,711.99459944,LIGHTNING
WAMSF,MT. BAKER-SNOQ NF,DEER 1,2009-07-30,0.53222827,UNKNOWN
WAWFS,WA FIRE SERVICE,UNION VALLEY,2009-07-29,524.69205564,LIGHTNING
WAGPF,GIFFORD PINCHOT NF,LANGILLE,2009-07-27,471.01319057,UNKNOWN
WAWFS,WA FIRE SERVICE,MILEPOST 31,2012-06-13,1127.69544198,UNKNOWN
WAWFS,WA FIRE SERVICE,AVERY,2009-08-13,264.60167397,UNKNOWN
WACOA,COLVILLE AGENCY,CAMERON LAKE,2013-08-07,131.1028321,LIGHTNING
WACOA,COLVILLE AGENCY,BUFFALO LAKE,2009-08-21,328.63973445,ARSON
WACOF,COLVILLE NF,SLEEPY,2001-08-01,1401.85056765,UNKNOWN
WAOWF,OKAN-WEN NF,DISCOVERY,2009-07-28,4120.2867889,UNKNOWN
WAMCR,MID COLUMBIA NWR,DRY CREEK COMPLEX,2009-08-21,48901.64865507,UNKNOWN
WASES,WA DNR - SE REGION,HIGH HILL,2009-08-20,98.61899503,UNKNOWN
WASES,WA DNR - SE REGION,SR-17,2009-08-20,897.49516605,UNKNOWN
WASES,WA DNR - SE REGION,B.5,2009-08-20,282.12277067,UNKNOWN
WASES,WA DNR - SE REGION,TRAIL,2009-07-05,63.30774201,CAMPFIRE
WASES,WA DNR - SE REGION,OAK CREEK,2009-07-15,150.41144852,UNKNOWN
WASES,WA DNR - SE REGION,NAHAHUM,2009-08-19,48.50436303,UNKNOWN
WASES,WA DNR - SE REGION,LAKE ENTIAT,2009-06-02,182.42525469999998,UNKNOWN
WASES,WA DNR - SE REGION,HALE STORM,2009-07-31,54.80694637,UNKNOWN
WANES,WA DNR - NE REGION,ODEN ROAD,2009-08-22,9607.49330354,LIGHTNING
WACOA,COLVILLE AGENCY,MILEPOST 38,2009-09-16,1910.88147461,UNKNOWN
WACOA,COLVILLE AGENCY,CONCRETE PLANT,2009-08-27,195.80526241,ARSON
WANCP,NORTH CASCADES NP,BRUSH CREEK,2009-08-02,391.44204795,LIGHTNING
WAOWF,OKAN-WEN NF,PRESTON-FOX,2009-10-04,1215.98778453,DEBRIS BURN
WAOWF,OKAN-WEN NF,TWIN PEAKS,2009-09-03,666.36478804,UNKNOWN
WACCC,COLUMBIA CASCADE,DALLESPORT,2010-07-12,1179.06539837,POWER LINE
WASES,WA DNR - SE REGION,SWAKANE,2010-07-10,19437.00371798,UNKNOWN
WAYKCN,YAKIMA COUNTY FD,COWICHE MILL,2010-07-18,6190.6972946000005,UNKNOWN
WASPA,SPOKANE AGENCY,LINE,2010-07-12,909.85577433,UNKNOWN
WANCP,NORTH CASCADES NP,DEVILS GULCH,2010-07-29,36.63409036,LIGHTNING
WANCP,NORTH CASCADES NP,NAHAHUM,2010-07-29,1947.45079312,LIGHTNING
WANCP,NORTH CASCADES NP,TRIPP CANYON,2010-07-29,71.54657712,LIGHTNING
WANCP,NORTH CASCADES NP,RAINBOW BRIDGE,2010-07-29,4117.8871198,UNKNOWN
WAOWF,OKAN-WEN NF,VIRGINIA LAKE,2001-08-01,36683.98601782,UNKNOWN
WAOWF,OKAN-WEN NF,ROCKY HULL,2000-07-22,9481.85678068,LIGHTNING
WAOWF,OKAN-WEN NF,WHISKY MOUNTAIN,2007-08-18,961.00487006,LIGHTNING
WA,UNKNOWN,FERN ROAD,2002-09-16,15.65862786,UNKNOWN
ORCGF,COLUMBIA RG NSA,COURTNEY ROAD,2001-07-12,89.65697123,UNKNOWN
ORPRD,PRINEVILLE DIST,DOG CREEK,2001-07-12,568.58337726,UNKNOWN
ORCGF,COLUMBIA RG NSA,UNKNOWN,2001-08-01,93.34318517,UNKNOWN
WAOWF,OKAN-WEN NF,AMABILIS,2006-10-12,116.99950814,UNKNOWN
WAOWF,OKAN-WEN NF,RATTLESNAKE CREEK,2007-08-05,1653.59408222,UNKNOWN
WAOWF,OKAN-WEN NF,TROUT,2006-06-27,139.95743282,EQUIPMENT USE
WAGPF,GIFFORD PINCHOT NF,LOST LAKE,2003-05-08,265.02327787,UNKNOWN
WAYAA,BIA - YAKIMA,MILE MARKER 44,2004-08-11,126.13880661,UNKNOWN
WAOWF,OKAN-WEN NF,CAPE LABELLE,2001-08-01,260.35904241,UNKNOWN
WA,UNKNOWN,AVERY,2003-07-13,284.03341072,UNKNOWN
WASES,WA DNR - SE REGION,ROCKY FORD,2006-06-28,3183.48271274,UNKNOWN
ORUMF,UMATILLA NF,COTTONWOOD,2007-08-18,3399.02911089,EQUIPMENT USE
WAOWF,OKAN-WEN NF,LEMAH,2009-07-25,649.35772031,LIGHTNING
WAOWF,OKAN-WEN NF,SHULL RIDGE,2009-07-17,211.74649621,LIGHTNING
WAOWF,OKAN-WEN NF,SABLE,2009-07-30,542.3959842999999,LIGHTNING
WAMSF,MT. BAKER-SNOQ NF,MINERAL PARK,2003-08-01,403.96614476,UNKNOWN
WAMSF,MT. BAKER-SNOQ NF,SWIFT CREEK,2004-07-24,536.76631734,LIGHTNING
WAMSF,MT. BAKER-SNOQ NF,SPRING,2009-08-26,219.66443002,LIGHTNING
WAOWF,OKAN-WEN NF,POWDER MOUNTAIN,2009-07-26,194.43637588,LIGHTNING
WAOWF,OKAN-WEN NF,FOAM CREEK WFU,2008-08-08,602.4755335,LIGHTNING
WAMSF,MT. BAKER-SNOQ NF,DOWNEY,2004-08-01,319.68472309,UNKNOWN
WAMSF,MT. BAKER-SNOQ NF,SONNY BOY,2003-08-01,391.14601969,UNKNOWN
WAMSF,MT. BAKER-SNOQ NF,DOME CREEK,2004-08-01,229.20416381,UNKNOWN
WAOWF,OKAN-WEN NF,MCCOY,2007-09-27,484.66368623,UNKNOWN
WAOWF,OKAN-WEN NF,EIGHTMILE,2010-08-18,189.89080314,LIGHTNING
WAOWF,OKAN-WEN NF,CRYSTAL,2003-08-01,1284.65082626,UNKNOWN
WASES,WA DNR - SE REGION,MIDDLE FORK,2003-08-01,2109.98353987,UNKNOWN
WASES,WA DNR - SE REGION,CARPENTER GULCH,2008-07-09,120.72322439999999,UNKNOWN
WASES,WA DNR - SE REGION,NORTH FORK,2005-08-29,136.25182958,UNKNOWN
WACOA,COLVILLE AGENCY,RATTLESNAKE,2013-07-04,506.66199677,UNKNOWN
WASES,WA DNR - SE REGION,25 MILE,2013-07-04,2097.80322123,UNKNOWN
WACOA,COLVILLE AGENCY,HWY 155,2013-07-10,194.22565463,UNKNOWN
WANES,WA DNR - NE REGION,KNOX IN THE MIDDLE,2013-08-01,79.74378985,LIGHTNING
WANES,WA DNR - NE REGION,KNOX KNOX,2013-08-01,3.95287959,LIGHTNING
WAOWF,OKAN-WEN NF,MOORE POINT,2013-07-28,1573.13792257,LIGHTNING
WAYAA,BIA - YAKIMA,MILE MARKER 28,2013-07-24,26091.66238271,UNKNOWN
WASES,WA DNR - SE REGION,EUREKA,2010-08-06,20835.47526597,UNKNOWN
WAOWF,OKAN-WEN NF,BOULDER CREEK,2010-08-04,10100.76006235,UNKNOWN
WAOLP,OLYMPIC NP,HOPPER,2010-08-05,385.06521319,LIGHTNING
WANES,WA DNR - NE REGION,FISH HATCHERY,2010-08-26,646.51561266,POWER LINE
WASES,WA DNR - SE REGION,HIWAY 8 FIRE,2010-08-26,2018.38353788,POWER LINE
WANES,WA DNR - NE REGION,SLIDE CREEK,2010-08-26,990.42358019,POWER LINE
WACOA,COLVILLE AGENCY,BUFFALO LAKE,2010-08-27,407.94807233,ARSON
WASES,WA DNR - SE REGION,BAIRD SPRINGS,2010-09-10,7668.88221653,UNKNOWN
WAHNC,HANFORD,FFTF,2010-08-01,1266.00595102,UNKNOWN
WAPCS,WA DNR - PC REGION,HILLTOP,2010-08-14,133.99953977,UNKNOWN
WAPCS,WA DNR - PC REGION,SPEELYAI,2010-07-24,122.54881002,UNKNOWN
WAWFS,WA FIRE SERVICE,VANSYCLE CANYON,2011-08-07,4509.45682982,UNKNOWN
WAOWF,OKAN-WEN NF,TUMWATER CANYON,2011-08-18,458.11336064,UNKNOWN
WANES,WA DNR - NE REGION,SALMON,2011-08-29,1979.07434739,UNKNOWN
WAOLP,OLYMPIC NP,BIG HUMP,2011-09-01,1238.08228311,UNKNOWN
WAWFS,WA FIRE SERVICE,WISHRAM II,2011-08-29,9064.45533217,UNKNOWN
WASES,WA DNR - SE REGION,MONASTERY COMPLEX,2011-09-07,3621.14474022,UNKNOWN
WANES,WA DNR - NE REGION,BARBER MOUNTAIN,2011-09-19,814.61351612,UNKNOWN
WACOA,COLVILLE AGENCY,KWEI KWEI CREEK,2011-08-06,625.77331179,UNKNOWN
WANES,WA DNR - NE REGION,MARYLS ROAD,2011-08-09,408.59884586,UNKNOWN
WASES,WA DNR - SE REGION,WASHINGTON CREEK,2011-08-01,245.68283678,UNKNOWN
WASPS,WA DNR - SPS REGION,EELS HILL,2011-08-17,49.978084700000004,UNKNOWN
WASES,WA DNR - SE REGION,NAVARRE,2012-07-05,602.21934453,UNKNOWN
WASPD,SPOKANE BLM,241-BLM,2012-07-19,4614.20558781,UNKNOWN
WASPD,SPOKANE BLM,ANTOINE 2,2012-08-05,6838.65621357,UNKNOWN
WACOA,COLVILLE AGENCY,BUFFALO LAKE ROAD,2012-08-15,11307.50802329,LIGHTNING
WASPD,SPOKANE BLM,DEATH WIND CANYON,2012-08-19,824.0437755,LIGHTNING
WASES,WA DNR - SE REGION,TAYLOR BRIDGE,2012-08-13,23501.08189576,UNKNOWN
WAYAA,BIA - YAKIMA,DIAMOND BUTTE,2012-08-19,284.42605119,UNKNOWN
WASPD,SPOKANE BLM,ROOSEVELT,2012-07-03,2826.61213127,UNKNOWN
ORWWF,WALLOWA-WHITMAN NF,CACHE CREEK,2012-08-21,73694.73896911,UNKNOWN
WASES,WA DNR - SE REGION,HIGHWAY 141,2012-09-05,1635.84274497,UNKNOWN
WACOA,COLVILLE AGENCY,MANILA CREEK,2012-09-09,200.75702243,LIGHTNING
WACOA,COLVILLE AGENCY,TOP OF PETER DAN CREEK,2012-09-08,20.24074146,LIGHTNING
WACOA,COLVILLE AGENCY,TIMM BROTHERS,2012-09-09,1358.68394334,UNKNOWN
WACOA,COLVILLE AGENCY,JIM CREEK #3,2012-09-08,26.1523987,LIGHTNING
WAWFS,WA FIRE SERVICE,LEAHY JUNCTION,2012-09-10,72425.92991647,LIGHTNING
WASPD,SPOKANE BLM,BARKER CANYON,2012-09-08,15804.25044832,UNKNOWN
WAWFS,WA FIRE SERVICE,APACHE PASS,2012-09-09,23324.09347551,UNKNOWN
WAOWF,OKAN-WEN NF,LEECHER,2012-09-09,1319.70299959,LIGHTNING
WAOWF,OKAN-WEN NF,HUNTER,2012-09-09,211.42089207,LIGHTNING
WAOWF,OKAN-WEN NF,TRAIL CREEK,2012-09-09,24.11552485,LIGHTNING
WAOWF,OKAN-WEN NF,STAFFORD CREEK,2012-09-09,33.80616122,LIGHTNING
WAOWF,OKAN-WEN NF,DIAMOND HEAD,2012-09-10,1055.94721861,UNKNOWN
WAOWF,OKAN-WEN NF,GOLD CREEK SPRINGS,2012-09-09,31.51178589,LIGHTNING
WAOWF,OKAN-WEN NF,OLD BLEWETT PASS,2012-09-10,22.4092772,LIGHTNING
WAOWF,OKAN-WEN NF,MOON BEAM,2012-09-10,0.30379979,LIGHTNING
WAOWF,OKAN-WEN NF,JACK CREEK PASS,2012-09-09,7.27095038,UNKNOWN
WAOWF,OKAN-WEN NF,BYRD,2012-09-09,14164.08513399,LIGHTNING
WAOWF,OKAN-WEN NF,TIMBER CREEK,2012-09-15,153.01404743,UNKNOWN
WAOWF,OKAN-WEN NF,WILD ROSE,2012-09-09,1926.29887951,UNKNOWN
WANES,WA DNR - NE REGION,CHAMOKANE CREEK,2007-07-02,155.91204468,UNKNOWN
WAOWF,OKAN-WEN NF,BUCKHORN,2012-09-09,4631.12177558,LIGHTNING
WAOWF,OKAN-WEN NF,FRENCH CABIN CREEK,2012-09-10,42.73913369,LIGHTNING
WAOWF,OKAN-WEN NF,FIRST CREEK,2012-09-09,1361.00014754,LIGHTNING
WAOWF,OKAN-WEN NF,MAVERICK,2012-09-11,20.54254177,LIGHTNING
WAOWF,OKAN-WEN NF,GOAT,2012-09-15,7377.6025074,UNKNOWN
WAOWF,OKAN-WEN NF,POISON CANYON,2012-09-08,5931.40079488,LIGHTNING
WAOWF,OKAN-WEN NF,CANYON,2012-09-09,7557.52421717,LIGHTNING
WAOWF,OKAN-WEN NF,WHITE PINE,2012-09-11,60.85919638,LIGHTNING
WAOWF,OKAN-WEN NF,CASHMERE,2012-09-09,2791.69448074,UNKNOWN
WAOWF,OKAN-WEN NF,PYRAMID,2012-09-09,1906.12772526,LIGHTNING
WAOWF,OKAN-WEN NF,KLONE PEAK,2012-09-09,1506.49192302,LIGHTNING
WAOWF,OKAN-WEN NF,BASALT PEAK,2012-09-12,1261.05014419,UNKNOWN
WAOWF,OKAN-WEN NF,CUITIN LAKE,2012-09-11,309.12280753,LIGHTNING
WAOWF,OKAN-WEN NF,SEARS CREEK,2012-09-09,656.20735759,UNKNOWN
WAOWF,OKAN-WEN NF,PEAVINE CANYON,2012-09-08,19997.98138104,LIGHTNING
WASPS,WA DNR - SPS REGION,POWERLINE #2,2012-10-04,229.4779795,ARSON
WAOWF,OKAN-WEN NF,TABLE MOUNTAIN FIRE,2012-09-15,42481.23861478,LIGHTNING
WACOA,COLVILLE AGENCY,ST MARY'S MISSION ROAD,2012-10-02,16853.18303864,UNKNOWN
WAGPF,GIFFORD PINCHOT NF,CASCADE CREEK,2012-09-09,20096.32065296,LIGHTNING
WACOF,COLVILLE NF,RADIO,2012-09-11,190.95832857,LIGHTNING
WAGPF,GIFFORD PINCHOT NF,SOUTH POINT,2012-09-19,336.81498277,UNKNOWN
WASES,WA DNR - SE REGION,FOSTER CREEK,2012-07-12,1294.12726798,LIGHTNING
WASES,WA DNR - SE REGION,QUILOMENE,2012-07-12,156.93495816,LIGHTNING
WASES,WA DNR - SE REGION,LITTTLE PARKE CREEK,2012-09-05,692.94103598,RECREATION
WACOA,COLVILLE AGENCY,METEOR,2012-04-11,210.58514453,UNKNOWN
WACOA,COLVILLE AGENCY,SOUTH OMAK LAKE,2012-07-13,1002.99843724,UNKNOWN
WAYAA,BIA - YAKIMA,NORTH AHTANUM,2012-08-31,1661.10995281,UNKNOWN
WASPD,SPOKANE BLM,CACHE BUTTE,2012-07-10,470.30298593,UNKNOWN
WASPD,SPOKANE BLM,CRANE ROAD,2012-08-01,11131.87513842,UNKNOWN
WASPD,SPOKANE BLM,WASHOUT,2012-06-30,595.70041073,UNKNOWN
WAGPF,GIFFORD PINCHOT NF,COLD SPRINGS,2008-07-12,7982.99113452,LIGHTNING
WAOLS,WA DNR - OLY REGION,BECKETT POINT,2011-09-05,19.08746161,UNKNOWN
WASPS,WA DNR - SPS REGION,CALIFORNIA RD,2011-08-14,0.40223456,UNKNOWN
WAWFS,WA FIRE SERVICE,BELL PLAIN,2011-09-05,3951.88057295,UNKNOWN
WAOWF,OKAN-WEN NF,CAMELS HUMP,2008-07-24,116.58766848,UNKNOWN
WANES,WA DNR - NE REGION,CAYUSE,2008-07-09,1744.23240162,DEBRIS BURN
ORCGF,COLUMBIA RG NSA,MARYHILL,2006-06-18,801.310141,UNKNOWN
WANES,WA DNR - NE REGION,GATEWAY LANE,2006-07-15,113.23336596,EQUIPMENT USE
WASPD,SPOKANE BLM,BADGER HOLLOW,2006-08-01,7384.36203656,UNKNOWN
WASPD,SPOKANE BLM,WELCH ROAD,2006-08-01,2570.95243167,UNKNOWN
WACOA,COLVILLE AGENCY,CAMERON LAKE ROAD,2006-08-22,1568.08507291,EQUIPMENT USE
WACOA,COLVILLE AGENCY,SWAWILLA BASIN,2006-07-14,81.54705117,ARSON
WANES,WA DNR - NE REGION,FRUIT HILL,2006-07-29,115.56873834,ARSON
WASES,WA DNR - SE REGION,PALOUSE RIVER,2006-08-23,654.42068351,UNKNOWN
WASPS,WA DNR - SPS REGION,CARBON COPY,2006-08-20,276.96980421,UNKNOWN
WAOWF,OKAN-WEN NF,TRINITY,2004-07-22,3.53739765,LIGHTNING
WAYAA,BIA - YAKIMA,SPRING CREEK,2004-04-27,707.44859209,DEBRIS BURN
WAMSF,MT. BAKER-SNOQ NF,FATHERS DAY,2004-06-19,20.49742216,UNKNOWN
WAMSF,MT. BAKER-SNOQ NF,SWIFT CREEK,2004-07-17,172.91715969999998,LIGHTNING
WAMSF,MT. BAKER-SNOQ NF,SURVEY POINT,2004-08-14,68.18345872,LIGHTNING
WAOWF,OKAN-WEN NF,GLORY MOUNTAIN,2001-08-01,928.73202986,UNKNOWN
WAOWF,OKAN-WEN NF,SWEETGRASS,2003-08-01,181.31183649,UNKNOWN
WACOF,COLVILLE NF,TOGO,2003-08-01,5218.37220836,UNKNOWN
WAOWF,OKAN-WEN NF,WILCOX,2003-08-01,440.55194383,UNKNOWN
WAOWF,OKAN-WEN NF,MIDDLE QUARTZ MT,2002-08-01,7402.71028141,UNKNOWN
WAOWF,OKAN-WEN NF,QUARTZ MT,2002-08-01,4208.26808036,UNKNOWN
WA,UNKNOWN,ICICLE COMPLEX,2001-08-14,8006.07151715,LIGHTNING
WANES,WA DNR - NE REGION,MARSHALL,2007-08-11,384.39492287,UNKNOWN
WASES,WA DNR - SE REGION,ELLENSBURG PASS,2007-09-10,452.8422728,UNKNOWN
WACOF,COLVILLE NF,MT LEONA,2001-08-01,4895.29859926,UNKNOWN
WACOA,COLVILLE AGENCY,SIX MILE 2,2013-08-10,4.82819487,UNKNOWN
WACOA,COLVILLE AGENCY,WHITMORE SOUTH,2013-08-10,169.38386422,LIGHTNING
WACOA,COLVILLE AGENCY,SIX MILE,2013-08-10,247.61426584,LIGHTNING
WACOA,COLVILLE AGENCY,WHITMORE 3,2013-08-10,4.98456802,LIGHTNING
WANES,WA DNR - NE REGION,LITTLE CHOPAKA,2007-07-07,4428.34102028,UNKNOWN
WAWFS,WA FIRE SERVICE,EASY STREET,2007-07-07,5208.62754937,UNKNOWN
WAOWF,OKAN-WEN NF,CROW CREEK,2007-08-02,83.00827509999999,UNKNOWN
WASPD,SPOKANE BLM,DOUGLAS CREEK,2007-07-09,3156.02448129,FIREWORKS
WANES,WA DNR - NE REGION,TUNK GRADE,2007-07-14,16498.06617585,LIGHTNING
WAWFS,WA FIRE SERVICE,LES BLAIR,2007-07-30,7037.32239857,UNKNOWN
WASES,WA DNR - SE REGION,BEASLEY HILL,2007-08-14,85.71552881,UNKNOWN
WACOF,COLVILLE NF,PEND D'OREILLE,2007-08-11,9730.19778533,LIGHTNING
WANCP,NORTH CASCADES NP,TOLO,2007-07-15,293.17027851,LIGHTNING
WAMCR,MID COLUMBIA NWR,WAUTOMA,2007-08-16,67291.4018444,UNKNOWN
WA,UNKNOWN,BLACK ROCK,2007-08-31,32139.34579784,UNKNOWN
WA,UNKNOWN,MILEPOST 17,2007-08-13,6452.10503245,UNKNOWN
WAWFS,WA FIRE SERVICE,HORSE HEAVEN COMPLEX - MCBEE,2007-07-13,3097.28286821,LIGHTNING
WASES,WA DNR - SE REGION,EASTON RIDGE,2007-08-02,401.45718434,EQUIPMENT USE
WA,UNKNOWN,SOUTH OMAK LAKE,2007-08-30,10508.686852200002,ARSON
WAWFS,WA FIRE SERVICE,HORSE HEAVEN COMPLEX - OVERLOOK,2007-07-13,19565.90062349,LIGHTNING
WACOA,COLVILLE AGENCY,MANILLA CREEK,2007-09-10,26799.11099589,ARSON
WASES,WA DNR - SE REGION,BOUGHTON MILL,2007-09-20,138.02876607,RAILROAD
WAYAA,BIA - YAKIMA,PINE SPRING,2007-08-11,1850.59474959,ARSON
WAOWF,OKAN-WEN NF,DOMKE LAKE,2007-08-05,10333.14695436,LIGHTNING
WA,UNKNOWN,PANTHER CREEK WFU,2007-08-05,204.02074262,LIGHTNING
WANES,WA DNR - NE REGION,ARBYS 231,2007-09-07,6.56591814,HUMAN
WANES,WA DNR - NE REGION,BURNT VALLEY,2007-09-08,26.68260214,ELECTRIC FENCE
WA,UNKNOWN,WHISPERING PINES,2007-09-15,14.05962924,DEBRIS BURN
WASPD,SPOKANE BLM,MILLER HOMESTEAD,2012-09-01,358.85403571,UNKNOWN
WANES,WA DNR - NE REGION,WRIGHTS VALLEY,2007-09-03,226.22968132,UNKNOWN
WAOWF,OKAN-WEN NF,CONRAD LAKE,2013-08-13,1103.61828217,LIGHTNING
WASPD,SPOKANE BLM,BURBANK,2013-07-22,202.56539119,UNKNOWN
WANES,WA DNR - NE REGION,KEYSTONE NORTH,2013-08-01,459.27384245,UNKNOWN
WANES,WA DNR - NE REGION,KEYSTONE,2013-08-01,434.30626536,LIGHTNING
WANES,WA DNR - NE REGION,TUNK PEAK,2013-08-01,12.60465383,LIGHTNING
WANES,WA DNR - NE REGION,CORRAL LAKE,2013-08-01,0.97552986,UNKNOWN
WAWFS,WA FIRE SERVICE,DEAD CANYON,2013-09-10,3707.96743489,UNKNOWN
WASPD,SPOKANE BLM,WEBBER,2013-09-18,681.24457214,FIREWORKS
WAWFS,WA FIRE SERVICE,B&O,2013-07-15,1451.1550919000001,UNKNOWN
WASPD,SPOKANE BLM,IONE,2013-07-04,338.53387351,UNKNOWN
WASES,WA DNR - SE REGION,GRAND RONDE,2013-08-29,613.01622248,LIGHTNING
WASES,WA DNR - SE REGION,MAIL TRAIL,2013-06-09,2495.18489127,UNKNOWN
WAPCS,WA DNR - PC REGION,DOG MOUNTAIN,2013-05-04,198.76701237,UNKNOWN
ORCGF,COLUMBIA RG NSA,MAJOR CREEK,2013-07-03,149.20407621,UNKNOWN
WAOWF,OKAN-WEN NF,ALPINE,2014-08-01,19.39150482,LIGHTNING
WAOWF,OKAN-WEN NF,CHIWAUKUM CREEK,2014-07-15,13894.58962778,LIGHTNING
WAWFS,WA FIRE SERVICE,SNAKE RIVER,2016-08-02,11366.23858601,HUMAN
WAOLP,OLYMPIC NP,COX VALLEY,2016-07-21,56.99801953,LIGHTNING
WANWS,WA DNR - NW REGION,HOT SHOT,2016-05-12,59.49864153,UNKNOWN
WASPD,SPOKANE BLM,WEBBER CANYON,2016-05-11,504.28730502,UNKNOWN
WASPD,SPOKANE BLM,SUNLAND,2016-05-29,1912.50084442,HUMAN
WACOA,COLVILLE AGENCY,TIMM RANCH,2016-06-08,1357.3019961,UNKNOWN
WASPD,SPOKANE BLM,BEAM ROAD,2016-06-20,1293.95488443,HUMAN
WASPD,SPOKANE BLM,ROCKY FORD,2016-07-09,1951.63481684,HUMAN
WASPD,SPOKANE BLM,MCBEE COMMAND,2016-07-14,1689.16982852,HUMAN
WASES,WA DNR - SE REGION,ANTILON LAKE,2016-07-29,827.07515956,UNKNOWN
WASPD,SPOKANE BLM,BLACK ROCK ROAD,2016-07-30,16005.33672165,UNKNOWN
WAOWF,OKAN-WEN NF,HALFWAY,2016-07-31,341.24725689999997,HUMAN
WASPD,SPOKANE BLM,RANGE 12,2016-07-30,176580.63221659,UNKNOWN
WAWFS,WA FIRE SERVICE,ROAD 10,2016-08-02,2567.78464465,UNKNOWN
WACOA,COLVILLE AGENCY,KEWA,2016-08-02,1893.98283359,UNKNOWN
WAYAA,BIA - YAKIMA,TULE #6,2016-08-21,8469.38731608,UNKNOWN
WAWFS,WA FIRE SERVICE,KAHLOTUS,2016-08-21,8463.65626039,UNKNOWN
WANES,WA DNR - NE REGION,WELLESLEY,2016-08-21,341.17201945,UNKNOWN
WANES,WA DNR - NE REGION,CAYUSE MTN.,2016-08-21,18095.96213619,HUMAN
WANES,WA DNR - NE REGION,YALE,2016-08-21,5870.234324100001,UNKNOWN
WANES,WA DNR - NE REGION,HART,2016-08-21,4936.45939127,UNKNOWN
WANES,WA DNR - NE REGION,DEEP NORTH,2016-08-21,590.98276295,UNKNOWN
WAOWF,OKAN-WEN NF,MILLS CANYON,2014-07-08,22005.97065323,STRUCTURE FIRE
WASES,WA DNR - SE REGION,SUNCREST,2016-08-27,420.12428774,UNKNOWN
WASES,WA DNR - SE REGION,COTTONWOOD,2014-06-17,8942.47742054,UNKNOWN
WASES,WA DNR - SE REGION,25 MILE,2014-07-10,218.18466731,UNKNOWN
WASES,WA DNR - SE REGION,SKOOKUM,2014-07-14,60.84558576,UNKNOWN
WANES,WA DNR - NE REGION,CARLTON COMPLEX-RISING EAGLE RD,2014-07-14,255899.59574273,LIGHTNING
WACOA,COLVILLE AGENCY,DEVILS ELBOW,2014-08-03,24003.21453281,LIGHTNING
WASPD,SPOKANE BLM,WATERMELON,2014-07-19,11416.981906,UNKNOWN
WAOWF,OKAN-WEN NF,UPPER FALLS,2014-08-06,8113.66736329,LIGHTNING
WAOWF,OKAN-WEN NF,SOUTH CLE ELUM RIDGE,2014-08-07,887.71468514,UNKNOWN
WASES,WA DNR - SE REGION,I-82 MANASHTASH,2014-07-03,1994.73310648,BURNING MATERIAL
WASES,WA DNR - SE REGION,YAXON CANYON,2014-09-22,45.838272700000005,LIGHTNING
WASES,WA DNR - SE REGION,FOSTER CREEK,2014-06-03,377.3075606,LIGHTNING
WASES,WA DNR - SE REGION,BOX CANYON,2014-08-03,54.74024098,LIGHTNING
WASES,WA DNR - SE REGION,AUVIL CANYON,2014-08-21,633.13542642,LIGHTNING
WASES,WA DNR - SE REGION,BMIDC INC 881,2014-08-11,131.76951708,LIGHTNING
WASES,WA DNR - SE REGION,BMIDC INC 879,2014-08-11,30.07020222,LIGHTNING
WAPCS,WA DNR - PC REGION,TEAGUE RD,2014-08-10,58.57170025,UNKNOWN
WACOA,COLVILLE AGENCY,BELVEDERE,2014-06-04,865.45745791,UNKNOWN
WACOA,COLVILLE AGENCY,BRODY CANYON,2014-06-12,818.24416787,UNKNOWN
WACOA,COLVILLE AGENCY,LAWSON FLATS,2014-04-07,410.67355137,HUMAN
WANES,WA DNR - NE REGION,RUNNING DEER,2014-08-27,25.61081679,UNKNOWN
WASES,WA DNR - SE REGION,SADDLE MOUNTAIN,2014-07-18,24917.44287758,UNKNOWN
WAPCS,WA DNR - PC REGION,MINERAL HILL,2014-09-07,6.09674558,UNKNOWN
WASPD,SPOKANE BLM,MALAGA,2014-05-28,1248.52299942,LIGHTNING
WACOA,COLVILLE AGENCY,SILVER CREEK II,2014-07-04,273.91414312,HUMAN
WAWFS,WA FIRE SERVICE,ROCK HILL,2014-07-06,1129.53261576,HUMAN
WANES,WA DNR - NE REGION,LAKE SPOKANE,2014-07-09,1016.31089024,STRUCTURE FIRE
WASPD,SPOKANE BLM,R ROAD,2014-07-16,3320.86236455,UNKNOWN
WANES,WA DNR - NE REGION,BUGG ROAD,2014-07-21,1168.94735515,HUMAN
WAOWF,OKAN-WEN NF,SHOOFLY,2014-08-04,163.05324888,LIGHTNING
WANWS,WA DNR - NW REGION,PROCTOR CREEK 62 RD,2016-05-13,289.15345057,UNKNOWN
WAMCR,MID COLUMBIA NWR,DIVISION ROAD,2016-08-10,722.28632487,UNKNOWN
WASPD,SPOKANE BLM,LOWER CRAB CREEK,2016-08-05,5746.62856025,UNKNOWN
WAOLP,OLYMPIC NP,HAYES TWO,2016-07-26,2389.9156134,LIGHTNING
WAOLP,OLYMPIC NP,GODKIN,2016-07-25,563.31251177,LIGHTNING
WAOLP,OLYMPIC NP,IGNAR CREEK,2016-07-29,79.93271576,LIGHTNING
WASPD,SPOKANE BLM,MORRIS LANE,2016-07-28,1414.5968398,HUMAN
WACOA,COLVILLE AGENCY,ELMER CITY,2016-09-11,5491.12975663,HUMAN
WAWFS,WA FIRE SERVICE,STARBUCK,2016-07-17,2481.14595978,HUMAN
WAWFS,WA FIRE SERVICE,FLETCHER ROAD,2016-08-07,6780.17975416,LIGHTNING
WAWFS,WA FIRE SERVICE,230 SWITCH YARD,2016-09-12,234.20966066,UNKNOWN
WASPD,SPOKANE BLM,OLD LADY CREEK,2016-09-10,2548.08769402,UNKNOWN
WAOWF,OKAN-WEN NF,ROCK CREEK,2016-09-10,1382.51249499,UNKNOWN
WANES,WA DNR - NE REGION,PICKENS NORTH,2016-08-24,724.04509913,HUMAN
WAWFS,WA FIRE SERVICE,SOUTH WARD GAP,2016-07-31,5039.58157351,UNKNOWN
WANCP,NORTH CASCADES NP,LONE MOUNTAIN 1,2014-07-14,2436.74850045,LIGHTNING
WAWFS,WA FIRE SERVICE,SAND RIDGE,2014-08-20,2276.76296247,LIGHTNING
WAOWF,OKAN-WEN NF,LITTLE BRIDGE CREEK,2014-08-03,4959.32444003,LIGHTNING
WAGPF,GIFFORD PINCHOT NF,ALDER LAKE,2015-07-26,359.40817821,LIGHTNING
WASPD,SPOKANE BLM,PEGG CANYON,2015-07-10,14769.15206569,LIGHTNING
WAWFS,WA FIRE SERVICE,TRINIDAD,2014-09-13,211.19508489999998,HUMAN
WAOWF,OKAN-WEN NF,MIDDLE MOUNTAIN,2014-07-13,412.45700483,LIGHTNING
WAWFS,WA FIRE SERVICE,MONUMENTAL,2014-09-03,11402.42567371,HUMAN
WASPD,SPOKANE BLM,BIGHORN,2014-08-06,265.97106069,UNKNOWN
WASPD,SPOKANE BLM,COYOTE FLATS,2014-07-14,1785.49945304,LIGHTNING
WASES,WA DNR - SE REGION,STATION,2014-08-04,37.38143728,UNKNOWN
WANCP,NORTH CASCADES NP,THUNDER CREEK,2015-05-30,103.31840727,LIGHTNING
WANES,WA DNR - NE REGION,EGYPT LOOP 2,2015-06-15,209.70229117,UNKNOWN
WAMCR,MID COLUMBIA NWR,SADDLE LAKES,2015-06-28,14449.33042069,LIGHTNING
WASES,WA DNR - SE REGION,SLEEPY HOLLOW,2015-06-28,2953.61247596,UNKNOWN
WAWFS,WA FIRE SERVICE,JUNCTION,2015-07-05,981.15973324,UNKNOWN
WASES,WA DNR - SE REGION,DAVIES PASS,2015-07-02,1300.21261557,UNKNOWN
WASPD,SPOKANE BLM,BEEZLEY HILL,2015-07-05,1715.42564228,UNKNOWN
WASPD,SPOKANE BLM,WILLOW SPRINGS,2015-07-05,486.06882163,UNKNOWN
WACOA,COLVILLE AGENCY,TWENTY-ONE MILE GRADE,2015-07-01,2252.2362802,HUMAN
WANES,WA DNR - NE REGION,231,2015-07-03,970.70649398,HUMAN
WANES,WA DNR - NE REGION,LITTLE SPOKANE,2015-07-11,167.81192034,UNKNOWN
WAGPF,GIFFORD PINCHOT NF,HORSESHOE,2015-07-03,340.18107918,LIGHTNING
WAGPF,GIFFORD PINCHOT NF,RILEY,2015-07-09,65.1330744,LIGHTNING
WAOWF,OKAN-WEN NF,WILDHORSE,2015-07-20,163.43600672,LIGHTNING
WAPCS,WA DNR - PC REGION,COLVIN CREEK,2015-07-19,110.63053868,HUMAN
WASES,WA DNR - SE REGION,BLUE CREEK,2015-07-20,5992.50549703,UNKNOWN
WACOF,COLVILLE NF,NORTH BOULDER 2,2015-07-20,232.57869168,LIGHTNING
WAOWF,OKAN-WEN NF,BUCK CREEK,2016-07-22,3207.42894521,LIGHTNING
WAOWF,OKAN-WEN NF,SAUL,2016-08-21,463.72948718,UNKNOWN
WAPCS,WA DNR - PC REGION,GISH,2015-08-09,101.43773091,UNKNOWN
WANES,WA DNR - NE REGION,9 MILE,2015-08-13,4720.39583362,UNKNOWN
WACOF,COLVILLE NF,BALDY,2015-08-01,515.18595033,UNKNOWN
WAOWF,OKAN-WEN NF,WOLVERINE,2015-06-29,65549.74496403,LIGHTNING
WANES,WA DNR - NE REGION,CARPENTER ROAD,2015-08-14,64043.29159494,LIGHTNING
WASPD,SPOKANE BLM,REACH,2015-08-14,89093.40391715,UNKNOWN
WANES,WA DNR - NE REGION,ROY,2015-08-14,120.26315236,UNKNOWN
WANCP,NORTH CASCADES NP,ROCKY BEAVER,2015-08-10,140.98689395,LIGHTNING
WANCP,NORTH CASCADES NP,SNOWFIELD,2015-08-10,184.05096826,UNKNOWN
WANCP,NORTH CASCADES NP,GOODELL,2015-08-10,7118.08907997,LIGHTNING
WANCP,NORTH CASCADES NP,CAT ISLAND,2015-08-10,147.83188245,LIGHTNING
WAOLP,OLYMPIC NP,PARADISE,2015-06-15,2798.07884583,LIGHTNING
WANES,WA DNR - NE REGION,GOLD HILL,2015-08-31,556.41682836,LIGHTNING
WANCP,NORTH CASCADES NP,THURSDAY CREEK,2015-08-10,566.29689074,LIGHTNING
WANCP,NORTH CASCADES NP,NO NAME 15,2015-08-10,344.15597123,LIGHTNING
WANES,WA DNR - NE REGION,TWISP RIVER,2015-08-19,11222.18847875,UNKNOWN
WANES,WA DNR - NE REGION,MARBLE VALLEY,2015-08-14,3082.02413743,UNKNOWN
WAOWF,OKAN-WEN NF,BLANKENSHIP,2015-07-13,212.37960162,UNKNOWN
WACOF,COLVILLE NF,HALL MOUNTAIN,2015-08-17,39.20676821,UNKNOWN
WANES,WA DNR - NE REGION,ONATA CREEK,2015-08-17,546.71084557,LIGHTNING
WAOWF,OKAN-WEN NF,FIRST CREEK,2015-08-14,7491.362948100001,LIGHTNING
WAYAA,BIA - YAKIMA,COUGAR CREEK,2015-08-10,53513.97934638,LIGHTNING
WAOWF,OKAN-WEN NF,MEEKS TABLE,2015-09-12,1021.37580047,UNKNOWN
WASES,WA DNR - SE REGION,HORSETHIEF BUTTE,2015-09-14,6383.44221761,UNKNOWN
WAMCR,MID COLUMBIA NWR,STATELINE,2015-09-13,8007.52977668,UNKNOWN
WASPS,WA DNR - SPS REGION,SAWMILL CREEK,2017-09-04,1098.52468357,UNKNOWN
WAOWF,OKAN-WEN NF,UNO PEAK,2017-08-30,8751.09812245,UNKNOWN
WAOWF,OKAN-WEN NF,NORSE PEAK,2017-08-11,52062.07479758,LIGHTNING
WAOWF,OKAN-WEN NF,DIAMOND CREEK,2017-07-23,127785.83752256,UNKNOWN
WASPD,SPOKANE BLM,JAMESON LAKE,2015-07-10,6363.96527978,LIGHTNING
WASPD,SPOKANE BLM,SOUTH SULPHUR SPRINGS,2015-06-12,763.76924511,UNKNOWN
WASPD,SPOKANE BLM,SEVEN SPRINGS,2015-08-10,542.16641593,UNKNOWN
WANES,WA DNR - NE REGION,I-90 SPRAGUE,2015-08-01,1692.24003466,UNKNOWN
WAMCR,MID COLUMBIA NWR,SADDLE MOUNTAIN,2015-06-29,446.62559723,UNKNOWN
WAWFS,WA FIRE SERVICE,MONUMENT,2015-06-30,1954.18360665,UNKNOWN
WABENN,BENTON COUNTY FD,LES BLAIR,2015-06-27,865.57726598,UNKNOWN
WASPD,SPOKANE BLM,BERRIAN,2015-06-27,876.77192871,UNKNOWN
WASPD,SPOKANE BLM,OUTLAW DRAW,2015-07-15,1980.53602216,UNKNOWN
WACOF,COLVILLE NF,TOWER,2015-08-12,24734.28966489,LIGHTNING
WACOF,COLVILLE NF,GREASE CREEK,2015-08-14,730.26467185,LIGHTNING
WACOF,COLVILLE NF,SOUTH FORK SLATE TRAIL - D5,2015-08-18,170.93119729,UNKNOWN
WACOF,COLVILLE NF,STICKPIN,2015-08-11,53828.52793618,LIGHTNING
WACOF,COLVILLE NF,RENNER,2015-08-17,13794.41134383,UNKNOWN
WACOF,COLVILLE NF,GRAVES MOUNTAIN,2015-08-14,8570.23286642,LIGHTNING
ORUMF,UMATILLA NF,BEAR RIDGE,2015-08-13,1943.18944025,LIGHTNING
ORUMF,UMATILLA NF,BUTTE CREEK,2015-08-13,78759.43333982,LIGHTNING
ORUMF,UMATILLA NF,GREEN RIDGE,2015-08-13,2.91894784,LIGHTNING
ORUMF,UMATILLA NF,WEST BUTTE,2015-08-13,4.31466382,LIGHTNING
WAOWF,OKAN-WEN NF,LIME BELT,2015-08-14,133821.38283772,LIGHTNING
WACOA,COLVILLE AGENCY,NORTH STAR,2015-08-13,218251.93500824,HUMAN
WANES,WA DNR - NE REGION,TUNK BLOCK,2015-08-14,165923.95230543,LIGHTNING
WAOWF,OKAN-WEN NF,NEWBY LAKE,2015-07-02,5158.25346378,LIGHTNING
WAOWF,OKAN-WEN NF,KELLY MOUNTAIN,2014-07-16,124.17705199,LIGHTNING
WAOWF,OKAN-WEN NF,DUNCAN,2014-07-16,12697.04812733,LIGHTNING
WASES,WA DNR - SE REGION,SNAG CANYON,2014-08-02,12595.053042,LIGHTNING
WASES,WA DNR - SE REGION,HANSEL CREEK,2014-08-02,1072.40231553,LIGHTNING
WASPS,WA DNR - SPS REGION,HAVEN LAKE,2014-08-11,167.74417815,HUMAN
WASES,WA DNR - SE REGION,WOOD GULCH,2007-07-13,7665.60427041,LIGHTNING
WACOF,COLVILLE NF,CURVE BALL,2007-07-13,108.7343823,LIGHTNING
WACOF,COLVILLE NF,WINDY RIDGE,2007-07-13,217.65390093,LIGHTNING
WANES,WA DNR - NE REGION,TRIPOD (TRIPOD COMPLEX),2006-07-24,174602.85445785,UNKNOWN
WASES,WA DNR - SE REGION,ELK HEIGHTS,2004-07-30,353.51181446,ARSON
WAOWF,OKAN-WEN NF,ISABEL,2003-09-07,4267.02004645,UNKNOWN
WAOWF,OKAN-WEN NF,GOOSE LAKE,2001-08-13,1282.69201701,UNKNOWN
WAOWF,OKAN-WEN NF,THIRTYMILE,2001-07-23,10344.78766472,UNKNOWN
WACOA,COLVILLE AGENCY,SANDHILLS,2013-08-10,115.85781347,LIGHTNING
WAWFS,WA FIRE SERVICE,COLOCKUM TARPS,2013-07-27,81733.27016772,UNKNOWN
WAYAA,BIA - YAKIMA,JOJO,2013-08-11,4242.96579207,UNKNOWN
WASES,WA DNR - SE REGION,MILEPOST 10,2013-08-09,5443.33991408,LIGHTNING
WASPD,SPOKANE BLM,DESMARAIS,2013-06-07,10132.92422362,UNKNOWN
WASPD,SPOKANE BLM,DENNIS COMMAND,2013-07-04,332.86810106,UNKNOWN
WAOWF,OKAN-WEN NF,EAGLE,2013-08-19,1465.80703442,UNKNOWN
WAWFS,WA FIRE SERVICE,GILMORE GULCH,2015-07-05,7487.72699125,UNKNOWN
WANCP,NORTH CASCADES NP,GOODE,2015-07-29,479.30036122,UNKNOWN
WAWFS,WA FIRE SERVICE,HWY 8,2015-08-04,33104.59216253,UNKNOWN
WASES,WA DNR - SE REGION,DRY CREEK,2017-07-07,336.743809,UNKNOWN
WANES,WA DNR - NE REGION,CANYON CREEK,2017-07-15,3821.67494443,HUMAN
WACOA,COLVILLE AGENCY,REDFORD CANYON,2017-07-15,831.37472668,LIGHTNING
WAWFS,WA FIRE SERVICE,SNAKE RIVER,2017-07-15,3115.00440087,LIGHTNING
WASES,WA DNR - SE REGION,400,2017-07-20,26087.35997476,UNKNOWN
WANES,WA DNR - NE REGION,BISSELL,2017-07-23,414.88922802,UNKNOWN
WAWFS,WA FIRE SERVICE,GLADE 3,2017-07-30,10951.25724417,UNKNOWN
WANWS,WA DNR - NW REGION,SUIATTLE,2017-07-30,216.36617448,HUMAN
WAWFS,WA FIRE SERVICE,HAYES ROAD,2017-08-04,2497.47042341,UNKNOWN
WAMCR,MID COLUMBIA NWR,EAST SADDLE,2017-08-12,17466.1790746,UNKNOWN
WACOF,COLVILLE NF,NOISY CREEK,2017-07-15,4305.36892351,LIGHTNING
WAOWF,OKAN-WEN NF,367,2017-08-11,62.10397897,LIGHTNING
WAMSF,MT. BAKER-SNOQ NF,QUARRY,2017-08-11,142.43882377,LIGHTNING
WACOA,COLVILLE AGENCY,BRIDGE CREEK,2017-08-09,3713.47655996,LIGHTNING
WAOWF,OKAN-WEN NF,JOLLY MOUNTAIN,2017-08-11,36817.42084014,LIGHTNING
WAOWF,OKAN-WEN NF,AMERICAN,2017-08-10,3854.96095902,LIGHTNING
WAGPF,GIFFORD PINCHOT NF,EAST CRATER,2017-09-03,483.16909533,HUMAN
WAWFS,WA FIRE SERVICE,MONUMENT HILL,2017-08-16,6255.19395695,UNKNOWN
WASPD,SPOKANE BLM,SILVER DOLLAR,2017-07-02,31740.37813551,UNKNOWN
WAPCS,WA DNR - PC REGION,ARCHER MOUNTAIN,2017-09-05,260.15141424,UNKNOWN
WAOWF,OKAN-WEN NF,CHUMYON,2017-09-29,506.05843442,HUMAN
WAWFS,WA FIRE SERVICE,WHITEHALL,2017-09-30,3460.75621287,UNKNOWN
WAOWF,OKAN-WEN NF,JACK CREEK,2017-08-11,4441.35314656,LIGHTNING
WACOF,COLVILLE NF,COPPER BUTTE,1994-07-23,10574.58736917,UNKNOWN
WACOF,COLVILLE NF,UNKNOWN,1994-07-22,101.32191236,UNKNOWN
WACOF,COLVILLE NF,UNKNOWN,1986-08-21,736.19847419,UNKNOWN
WACOF,COLVILLE NF,WEST HUBBARD,2018-08-11,8.88395635,LIGHTNING
WASPD,SPOKANE BLM,GRASS VALLEY,2018-08-11,76868.10702645,UNKNOWN
WACOF,COLVILLE NF,KELLY MOUNTAIN,2018-08-11,38.01206353,UNKNOWN
WAWFS,WA FIRE SERVICE,BOFFER,2018-08-11,4998.00485379,UNKNOWN
WACOF,COLVILLE NF,SHERMAN,1988-08-24,2222.9646324,UNKNOWN
WANES,WA DNR - NE REGION,ROCK CUT,1995-05-27,20.8211709,UNKNOWN
WACOF,COLVILLE NF,DAY CREEK,2006-10-05,131.14790048,UNKNOWN
WACOF,COLVILLE NF,MANKATO,1994-08-12,964.80299703,UNKNOWN
WACOF,COLVILLE NF,UNKNOWN,1994-07-23,81.19554641,UNKNOWN
WACOF,COLVILLE NF,UNKNOWN,1986-07-23,96.66305531,UNKNOWN
WACOF,COLVILLE NF,WHITE MOUNTAIN,1988-08-24,22239.91614935,UNKNOWN
WACOF,COLVILLE NF,OLSEN PEAK,1994-07-23,185.90186911,UNKNOWN
WACOF,COLVILLE NF,INCIDENT 94 SOUTH,1994-07-23,115.8020307,UNKNOWN
WACOF,COLVILLE NF,INCIDENT 47,1994-07-23,116.85487271,UNKNOWN
WAOWF,OKAN-WEN NF,MANASTASH RIDGE,2013-08-20,2351.83258868,LIGHTNING
WASPD,SPOKANE BLM,JUNIPER RANCH,2017-05-14,99.90709868,HUMAN
WASES,WA DNR - SE REGION,SPARTAN,2017-06-26,8728.97766046,LIGHTNING
WASPD,SPOKANE BLM,STRAIGHT HOLLOW,2017-06-26,8436.24406786,LIGHTNING
WASPD,SPOKANE BLM,SUTHERLAND CANYON,2017-06-26,29257.91470054,LIGHTNING
WASPD,SPOKANE BLM,RATTLESNAKE HILLS,2017-07-05,3390.16271551,UNKNOWN
WASES,WA DNR - SE REGION,MITCHELL,2015-07-05,598.98587327,UNKNOWN
WAMCR,MID COLUMBIA NWR,GOOSE LAKE,2017-07-09,707.62892662,HUMAN
WAWFS,WA FIRE SERVICE,LES BLAIR,2018-06-04,905.72865494,UNKNOWN
WASPD,SPOKANE BLM,SOAP LAKE,2018-06-11,2639.6936416999997,UNKNOWN
WASES,WA DNR - SE REGION,MILEPOST TWENTY TWO,2018-06-20,7596.7878315,HUMAN
WAWFS,WA FIRE SERVICE,MONTECITO,2018-06-28,1876.93776094,UNKNOWN
WAWFS,WA FIRE SERVICE,EASTERDAY,2018-06-22,1299.4116094,UNKNOWN
WAMSF,MT. BAKER-SNOQ NF,PARK CREEK,2018-06-20,40.52189672,LIGHTNING
WAWFS,WA FIRE SERVICE,NISQUALLY JOHN,2018-07-04,1388.48398111,UNKNOWN
WASPD,SPOKANE BLM,BAIRD SPRINGS,2018-07-03,1104.53632854,UNKNOWN
WASES,WA DNR - SE REGION,QUINCY LAKE,2018-07-01,2325.03508751,HUMAN
WASES,WA DNR - SE REGION,LITTLE CAMAS,2018-07-05,316.89443984,UNKNOWN
WASPD,SPOKANE BLM,SCORPION COULEE,2018-07-06,142.6655945,UNKNOWN
WASPD,SPOKANE BLM,WASHINGTON FLATS,2018-07-11,385.08563254,HUMAN
WASES,WA DNR - SE REGION,ROCKY REACH,2018-07-13,1290.18119495,UNKNOWN
WACOA,COLVILLE AGENCY,RATTLESNAKE,2018-07-13,3083.96335572,UNKNOWN
WANES,WA DNR - NE REGION,UPRIVER BEACON,2018-07-17,98.28796453,HUMAN
WAWFS,WA FIRE SERVICE,BUCKSHOT,2018-07-19,908.48700175,HUMAN
WAMCR,MID COLUMBIA NWR,L RD SW,2018-07-19,21619.00452206,HUMAN
WASES,WA DNR - SE REGION,BOYLSTON,2018-07-19,71694.42950133,HUMAN
WAWFS,WA FIRE SERVICE,LOCUST GROVE,2018-07-21,1764.7342704,HUMAN
WASES,WA DNR - SE REGION,TURTLE ROCK,2018-07-24,716.64395616,UNKNOWN
WASES,WA DNR - SE REGION,CHELAN HILLS,2018-07-27,1842.22377485,UNKNOWN
WASPD,SPOKANE BLM,WARNER GULCH,2018-07-28,471.69384225,UNKNOWN
ORCGF,COLUMBIA RG NSA,MILEPOST 90,2018-07-31,9950.68937637,UNKNOWN
WASES,WA DNR - SE REGION,NAVARRE,2018-07-31,150.97352905,LIGHTNING
WASPD,SPOKANE BLM,HWY 24 COMMAND,2018-07-30,1124.67702208,UNKNOWN
WANES,WA DNR - NE REGION,SHEEP CREEK,2018-07-30,459.41399417,UNKNOWN
WASPD,SPOKANE BLM,RAGGED BUTTE,2018-08-06,1286.64147246,UNKNOWN
WANES,WA DNR - NE REGION,ANGEL SPRINGS,2018-08-02,5050.16234872,HUMAN
WAOWF,OKAN-WEN NF,DOE FALLS,2018-08-11,6.037235400000001,LIGHTNING
WAOWF,OKAN-WEN NF,DOE,2018-08-11,16.16448527,LIGHTNING
WAOWF,OKAN-WEN NF,BOULDER CREEK,2018-07-29,6.83147228,LIGHTNING
WASPD,SPOKANE BLM,SADDLE MOUNTAIN,2018-08-02,1851.42994258,HUMAN
WAOWF,OKAN-WEN NF,WHITEPINE,2018-07-29,9.73590295,LIGHTNING
WACOF,COLVILLE NF,GRIZZ,2018-08-11,5.79558408,LIGHTNING
WAOWF,OKAN-WEN NF,LOST,2018-08-05,79.38942942,UNKNOWN
WAOLF,OLYMPIC NF,MAPLE,2018-08-04,2154.36549938,UNKNOWN
WANES,WA DNR - NE REGION,BOYDS,2018-08-11,4660.00314949,HUMAN
WAWFS,WA FIRE SERVICE,CRYSTAL,2018-09-01,2610.61808322,HUMAN
WACOF,COLVILLE NF,HORNS MOUNTAIN,2018-08-11,5902.00420765,LIGHTNING
WAGPF,GIFFORD PINCHOT NF,CLEAR FORK,2018-08-08,73.97606088,LIGHTNING
WAOWF,OKAN-WEN NF,MIRIAM,2018-07-30,4577.00670692,UNKNOWN
WAYAA,BIA - YAKIMA,MENINICK PASS,2018-08-16,5000.15559588,LIGHTNING
WAYAA,BIA - YAKIMA,MILE MARKER 44,2018-09-01,1792.93979538,HUMAN
WAOWF,OKAN-WEN NF,BANNOCK LAKES,2018-07-28,498.35466365,UNKNOWN
WASPD,SPOKANE BLM,ELM,2018-08-17,2078.5102549000003,UNKNOWN
WAOWF,OKAN-WEN NF,HOLMAN,2018-08-16,299.20890627,UNKNOWN
WAMCR,MID COLUMBIA NWR,WAHLUKE SLOPE,2018-09-07,11704.17816733,LIGHTNING
WAOWF,OKAN-WEN NF,COUGAR CREEK,2018-07-29,41416.33814431,LIGHTNING
WAWFS,WA FIRE SERVICE,GLADE CREEK,2018-09-08,12835.61550331,UNKNOWN
WAMSF,MT. BAKER-SNOQ NF,WRONG CREEK,2018-07-24,423.52720839,LIGHTNING
WAOWF,OKAN-WEN NF,IRON WEST,2018-09-08,8.25704508,UNKNOWN
WAOWF,OKAN-WEN NF,IRON EAST,2018-09-08,32.10046761,UNKNOWN
WAOWF,OKAN-WEN NF,MCLEOD,2018-08-11,22875.480977900002,LIGHTNING
WANCP,NORTH CASCADES NP,ARCTIC JIM,2018-08-06,347.18864558,LIGHTNING
WAOWF,OKAN-WEN NF,CRESCENT MOUNTAIN,2018-07-29,51972.41205121,LIGHTNING
WAWFS,WA FIRE SERVICE,WAGON WHEEL,2018-09-01,4046.18642129,HUMAN
WASPD,SPOKANE BLM,WEBER CANYON,2018-07-13,543.8405084,HUMAN
WASES,WA DNR - SE REGION,STORMY CREEK,2018-07-01,64.86872812,UNKNOWN
WACOA,COLVILLE AGENCY,LITTLE SNAKE RIVER,2018-09-26,246.91932926,UNKNOWN
WAMSF,MT. BAKER-SNOQ NF,LITTLE FORK,2018-08-17,426.88910327,LIGHTNING
WAYAA,BIA - YAKIMA,HAWK FIRE,2018-08-10,624.28747841,HUMAN
WAOWF,OKAN-WEN NF,TYEE,1994-07-24,82558.09779602,LIGHTNING
WASPD,SPOKANE BLM,SHOOTING RANGE,2018-06-24,206.35395353,UNKNOWN
WASES,WA DNR - SE REGION,CONRAD,2018-07-01,4582.42957476,UNKNOWN
WASPD,SPOKANE BLM,243 COMMAND,2019-06-03,20426.77133731,UNKNOWN
WASES,WA DNR - SE REGION,PIPELINE,2019-07-23,6514.95420571,UNKNOWN
WAYAA,BIA - YAKIMA,KUSSHI CREEK,2019-07-23,1074.99052634,LIGHTNING
WAOWF,OKAN-WEN NF,LEFT HAND,2019-07-23,3462.67446203,LIGHTNING
WACOA,COLVILLE AGENCY,WILLIAMS FLATS,2019-08-02,44378.77008542,UNKNOWN
WAOWF,OKAN-WEN NF,DEVORE CREEK,2019-07-26,630.67678106,LIGHTNING
WAOWF,OKAN-WEN NF,SOUTH FORK CREEK,2019-07-23,175.72008673,LIGHTNING
WAOLP,OLYMPIC NF,MT DANA,2019-08-31,42.74724675,LIGHTNING
WACOA,COLVILLE AGENCY,ELMER CITY,2019-06-23,2019.3475577,HUMAN
WASPD,SPOKANE BLM,POWERLINE,2019-07-14,7723.37951928,UNKNOWN
WAMCR,MID COLUMBIA NWR,COLD CREEK,2019-07-18,41711.70535344,UNKNOWN
WAWFS,WA FIRE SERVICE,JUNIPER WIND TOWER,2019-07-20,242.06357292,UNKNOWN
WANES,WA DNR - NE REGION,GRAHAM,2019-07-24,99.16486603,LIGHTNING
WASES,WA DNR - SE REGION,DESERT CANYON,2019-07-24,1461.05282619,UNKNOWN
WACOF,COLVILLE NF,NORTH MILL CREEK,2019-08-08,422.70882728,UNKNOWN
WASES,WA DNR - SE REGION,DRY SAGE,2019-06-08,383.75363068,UNKNOWN
WAWFS,WA FIRE SERVICE,SULPHUR,2019-08-02,1145.75785692,UNKNOWN
WASPD,SPOKANE BLM,SADDLE MOUNTAIN,2019-07-24,123.87746031,UNKNOWN
WASPD,SPOKANE BLM,MILEPOST 20,2019-10-29,1122.1970125999999,UNKNOWN
